{"total_loss/train":3790.35693359375,"total_time/train":2.0567283630371094,"_wandb":{"runtime":39},"loss":3790.35693359375,"_timestamp":1.7428055271187785e+09,"_runtime":38.720864189,"_step":67,"data_time/train":0.1273815631866455}