,arch,activation,attack,iterations,degree,eps 2,eps 4,eps 6,eps 8,eps 10,SROCC
0,vonenet50,relu,IFGSM,1,10^5,8747.590477884854,16257.968514812885,15569.283453933713,20944.566155175668,22181.249640722686,0.862189439876079
