,arch,activation,degree,eps 2,eps 4,eps 6,eps 8,eps 10,SROCC
0,resnet34,relu,10^4,783.2173258066177,1563.6410564184189,2341.7897522449493,3117.240220308304,3890.296071767807,0.9175997599759976
1,resnet34,silu,10^4,783.279724419117,1563.9590099453926,2342.464402318001,3118.322789669037,3891.8163627386093,0.9109630963096308
