,arch,activation,eps 2,eps 4,eps 6,eps 8,eps 10
0,resnet34,relu,783.23204070329,1563.6732801795,2341.83929860591,3117.28492379188,3890.36685228347
1,resnet34,silu,783.28941017389,1563.97335231304,2342.45024621486,3118.20954084396,3891.54888689518
2,wideresnet50,relu,783.2502014935017,1563.7392178177834,2341.9534787535667,3117.4952164292336,3890.666365623474
3,resnet50,relu,783.2514122128487,1563.7654811143875,2341.969683766365,3117.523342370987,3890.707716345787
4,resnet34,relu,783.2173258066177,1563.6410564184189,2341.7897522449493,3117.240220308304,3890.296071767807