,arch,activation,attack,iterations,degree,eps 2,eps 4,eps 6,eps 8,eps 10,SROCC
0,resnet18,relu,IFGSM,5,10^5,18767.50185888525,20587.393992104247,18016.11604252783,15065.74545798988,13100.229879189812,0.8954013771159083
1,resnet18,silu,IFGSM,5,10^5,21425.481534375896,23400.565324195883,21070.188833692933,18056.180074649084,15939.18277334856,0.8890244497993429
2,resnet34,relu,IFGSM,5,10^5,17988.140361196907,19939.88434889452,17815.79863642354,15688.36841953589,13463.89329921456,0.90180907612445
3,resnet34,silu,IFGSM,5,10^5,17481.968222325846,19162.86943121008,16828.339651447634,14669.929407347005,12487.908843871086,0.9032824533965924
4,resnet34+se,relu,IFGSM,5,10^5,20089.474824665347,23008.283027105328,20156.56285486001,16597.527111334155,13190.223392573253,0.9031592294875151
5,resnet34+se,silu,IFGSM,5,10^5,25915.012313278847,28966.945217159184,25783.77687049741,21648.396254660907,17654.95274263373,0.8965494195947333
6,resnet50,relu,IFGSM,5,10^5,15433.07758793188,17850.588567013885,15462.277325053688,12740.48906713685,10301.76726072835,0.9073427128458336
7,resnet50,silu,IFGSM,5,10^5,15470.478145906936,17896.040133029815,15508.570344721447,12861.334810881872,10038.731528054428,0.8979679103300369
8,vonenet50,relu,IFGSM,5,10^5,6074.150868527727,7101.455326129199,6744.805478201854,5878.134730528897,5504.517956310183,0.8581454114877978
