,arch,activation,attack,iterations,degree,eps 2,eps 4,eps 6,eps 8,eps 10,SROCC
0,resnet50-mixup=0.1,relu,IFGSM,1,10^0,0.00014053687214282622,5.272157526967205e-05,-5.1740943495259916e-05,-0.00015530960625189606,-0.00025559892058844527,0.20085709719122913
1,resnet50,relu,IFGSM,1,10^0,0.022039814051976105,0.031236200541067766,0.0355180028100003,0.037751773762291024,0.03903327082863441,0.9073427128458337
