,arch,activation,attack,iterations,degree,eps 2,eps 4,eps 6,eps 8,eps 10,SROCC
0,resnet18,relu,IFGSM,1,10^0,0.0395781968114572,0.0602614855447339,0.0727906923240752,0.0814217626698727,0.0876452599901085,0.8954013771159083
1,resnet18,silu,IFGSM,1,10^0,0.0390615564784139,0.058201412368872,0.0689026535583582,0.0758934161154818,0.0818008622807196,0.8920888391999495
2,resnet34,relu,IFGSM,1,10^0,0.0386855342478661,0.0580124257042461,0.0684793242931416,0.0742394804228896,0.0776110390209081,0.90180907612445
3,resnet34,silu,IFGSM,1,10^0,0.0390864576030558,0.0572604311796553,0.06737182248649,0.073429579050267,0.0772112711898279,0.9032824533965924
4,resnet50,relu,IFGSM,1,10^0,0.0310417309541447,0.0422805227888879,0.0458908785129602,0.0469482921477093,0.0474997892294077,0.9073427128458336
5,resnet50,silu,IFGSM,1,10^0,0.028544029716238,0.0391581063769509,0.0432106157122378,0.0442099995865561,0.0438864012840038,0.8979679103300369
6,wideresnet50,relu,IFGSM,1,10^0,0.022591504225071,0.031409390055142,0.0358895776573549,0.0379151189043408,0.038926228525167,0.9141370047486748
7,vonenet50,relu,IFGSM,1,10^0,0.007686739608848625,0.022840894722230186,0.027501777159478144,0.036148998501083655,0.03464961803789889,0.8581454114877978
