,arch,activation,attack,iterations,degree,eps 2,eps 4,eps 6,eps 8,eps 10,SROCC
0,resnet18,silu,IFGSM,10,10^5,29618.701938110444,28913.769578803665,26497.805136335417,22879.38221981949,19095.310556501885,0.8890244497993429
1,resnet34,relu,IFGSM,10,10^5,24398.800682003774,23717.91609950439,21603.823648698017,18784.71813573204,15476.279414354158,0.90180907612445
2,resnet34+se,relu,IFGSM,10,10^5,30507.89604793724,30347.54542369929,26127.16877669425,21623.028439609425,16841.54807122084,0.9031592294875151
3,resnet34,silu,IFGSM,10,10^5,23891.686793536566,23222.160668485027,21126.17927780752,17880.01259840778,15082.677248637963,0.9032824533965924
4,resnet34+se,silu,IFGSM,10,10^5,36328.65070487025,35425.846515965684,31617.110204364944,26967.99382359764,21629.56879818755,0.8965494195947333
5,resnet50,silu,IFGSM,10,10^5,23920.16959380953,24022.25499215271,20746.24280548584,16702.610621931464,13023.675240076416,0.8979679103300369
6,wideresnet50,relu,IFGSM,10,10^5,22936.60727783375,25477.50772658194,22662.24430386587,18787.12737936547,15359.006247172616,0.9141370047486748
7,vonenet50,relu,IFGSM,10,10^5,8157.350387099083,8739.291329468824,8244.055903745013,7022.549165724663,6582.215896708803,0.8581454114877978
