,arch,activation,attack,iterations,eps 2,eps 4,eps 6,eps 8,eps 10,SROCC
0,resnet101-Linearity,relu,IFGSM,1,0.2050225298438361,0.1532624448231944,0.0925066469749014,0.0376711537917836,-0.0112283711063428,0.9253634389543584