,arch,activation,attack,iterations,eps 2,eps 4,eps 6,eps 8,eps 10,SROCC
0,resnet101-Linearity+cayley_pool=True,relu,PGD,1,0.0663884613780923,0.046537958991162,0.025150671121053,0.0074616796741446,-0.0072192682460881,0.9230644109618434
1,resnet101-Linearity+cayley_pool=True,relu,PGD,3,0.142895138819097,0.1396391130528895,0.1316510743294822,0.1237442221900172,0.1165967690597562,0.9230644109618434
2,resnet101-Linearity+cayley_pool=True,relu,PGD,5,0.1898411594616466,0.1943445302476979,0.1852770782050288,0.1675641932963977,0.1501647795662081,0.9230644109618434
3,resnet101-Linearity+cayley_pool=True,relu,PGD,8,0.24030491053058217,0.2446858702020948,0.22129264007462332,0.19438834530475158,0.17031660229792162,0.9230644109618434
