,arch,activation,attack,iterations,degree,eps 2,eps 4,eps 6,eps 8,eps 10,SROCC
0,resnet50-mixup=0.1,relu,IFGSM,1,10^0,0.0001405368721428,5.272157526967205e-05,-5.174094349525992e-05,-0.0001553096062518,-0.0002555989205884,0.2008570971912291
1,resnet50,relu,IFGSM,1,10^0,0.0220398140519761,0.0312362005410677,0.0355180028100003,0.037751773762291,0.0390332708286344,0.9073427128458336
2,resnet50+prune=0.1l1,relu,IFGSM,1,10^0,0.0210280064014634,0.0303106220949108,0.0344623478939054,0.0363812700386832,0.0371569078980661,0.9069346965938276
3,resnet50+prune=0.1l2,relu,IFGSM,1,10^0,0.023917497410792,0.0326284317617096,0.0356213487551015,0.0358192490157368,0.0347158267576246,0.9071260803983338
4,resnet50+prune=0.1pls,relu,IFGSM,1,10^0,0.0191725601108176,0.0278428023466797,0.0317913065063183,0.033449406836838,0.0339428066793745,0.9053427252105404
5,resnet50,silu,IFGSM,1,10^0,0.0225636281393837,0.0315272405662671,0.03516450545987,0.0363000118215385,0.0362892729892416,0.8979679103300369
6,vonenet50,relu,IFGSM,1,10^0,0.0043717476971712865,0.008326733929289636,0.011625590574502498,0.014124687797801653,0.01666545943689087,0.8581454114877978
