,arch,activation,attack,iterations,degree,eps 2,eps 4,eps 6,eps 8,eps 10,SROCC
0,resnet18,relu,IFGSM,10,10^5,25800.42469880673,25126.15754699645,22565.02032047993,19326.371681526514,15983.710563015016,0.8954013771159083
1,resnet34,relu,IFGSM,10,10^5,24408.58254760433,23653.15044309667,21578.9566110944,18885.05949651864,15432.271951336916,0.90180907612445
2,resnet50,relu,IFGSM,10,10^5,22208.53756655595,22504.382256435743,19514.234795002987,15794.859866348874,12927.250074555626,0.9073427128458337
