,arch,activation,iterations,degree,eps 2,eps 4,eps 6,eps 8,eps 10,SROCC
0,resnet18,relu,10,10^5,767.8206078708172,1524.0072272717953,2256.498858332634,2953.3596709370613,3649.706020951271,0.7912391239123913
1,resnet18,silu,1,10^5,783.8081568479538,1566.71442091465,2348.7385362386703,3130.01349568367,3910.064697265625,1.0
2,resnet18,silu,10,10^5,773.2161320745945,1545.8139590919018,2301.8447682261467,3027.8393998742104,3745.64491212368,0.945118511851185
3,resnet34,relu,10,10^5,767.9778151214123,1524.144597351551,2256.278321146965,2955.3666710853577,3650.0684916973114,0.8165856585658565
