,arch,activation,attack,iterations,eps 2,eps 4,eps 6,eps 8,eps 10,SROCC
0,resnet101-Linearity+cayley_pool=True,relu,PGD,1,0.0663884613780923,0.046537958991162,0.025150671121053,0.0074616796741446,-0.0072192682460881,0.9230644109618434
1,resnet101-Linearity+cayley_pool=True,relu,PGD,3,0.142895138819097,0.1396391130528895,0.1316510743294822,0.1237442221900172,0.1165967690597562,0.9230644109618434
2,resnet101-Linearity+cayley_pool=True,relu,PGD,5,0.1898411594616466,0.1943445302476979,0.1852770782050288,0.1675641932963977,0.1501647795662081,0.9230644109618434
3,resnet101-Linearity+cayley_pool=True,relu,PGD,8,0.2403049105305821,0.2446858702020948,0.2212926400746233,0.1943883453047515,0.1703166022979216,0.9230644109618434
4,vonenet50-Linearity,relu,PGD,1,0.1323770826623961,0.1935187339084081,0.2202197112195257,0.231411171173732,0.2296333454451724,0.8581454114877978
5,vonenet50-Linearity,relu,PGD,3,0.3163708419745743,0.5423568279733662,0.6837939174757713,0.770223564162923,0.814880049313753,0.8581454114877978
6,vonenet50-Linearity,relu,PGD,5,0.5232612554077266,0.93095123073536,1.1437392256234682,1.1800137456988358,1.16179689149393,0.8581454114877978
7,vonenet50-Linearity,relu,PGD,8,0.8608129180848464,1.4451399984778963,1.5878217853930618,1.5517880090538065,1.453613656960084,0.8581454114877978
