,arch,activation,attack,iterations,degree,eps 2,eps 4,eps 6,eps 8,eps 10,SROCC
0,resnet18,relu,IFGSM,10,10^5,25800.42469880673,25126.15754699645,22565.02032047993,19326.371681526514,15983.710563015016,0.8954013771159083
1,resnet34,relu,IFGSM,10,10^5,24408.58254760433,23653.15044309667,21578.9566110944,18885.05949651864,15432.271951336916,0.90180907612445
2,resnet50,relu,IFGSM,10,10^5,22208.53756655595,22504.382256435743,19514.234795002987,15794.859866348874,12927.250074555626,0.9073427128458336
3,resnet18,relu,IFGSM,10,10^5,25803.43761902361,25100.378706470143,22547.98376520985,19367.52085231788,15909.070137148688,0.8954013771159083
4,resnet34,relu,IFGSM,10,10^5,24399.28637285433,23749.968143825827,21637.657573517445,18881.771003872906,15445.60872892248,0.90180907612445
5,resnet34+se,relu,IFGSM,10,10^5,30510.14442030246,30296.54817907908,26136.14292441781,21534.89270099888,16954.00997600978,0.9031592294875151
6,resnet50,relu,IFGSM,10,10^5,22195.93952369563,22560.036279824,19479.063590638063,15795.36205765391,12901.728406630626,0.9073427128458336
7,wideresnet50,relu,IFGSM,10,10^5,22917.111285487023,25467.92871033724,22497.51873725094,18727.10854499241,15410.593044251655,0.9141370047486749
