{"_timestamp":1.7426875908209915e+09,"_runtime":32065.310482502,"_step":1767,"data_time/train":0.0012979507446289062,"total_loss/train":4606.65234375,"total_time/train":71.37763619422913,"_wandb":{"runtime":32065},"loss":4606.65234375}