{"_wandb":{"runtime":40026},"_timestamp":1.7416537302706215e+09,"_runtime":12118.517167717,"_step":1767,"loss":4712.69482421875,"data_time/train":0.0010936260223388672,"total_loss/train":4712.69482421875,"total_time/train":28.5951509475708}