{"_timestamp":1.7430991384809341e+09,"_runtime":576.009348813,"_step":1767,"data_time/train":0.0014841556549072266,"total_loss/train":4563.62646484375,"total_time/train":1.2057700157165527,"_wandb":{"runtime":2127},"loss":4563.62646484375}