{"_runtime":575.922606115,"data_time/train":0.001728057861328125,"total_loss/train":4589.21484375,"total_time/train":1.210033655166626,"_wandb":{"runtime":1268},"_step":1767,"loss":4589.21484375,"_timestamp":1.7430977075586364e+09}