{"_timestamp":1.74309592659667e+09,"data_time/train":0.07522130012512207,"total_loss/train":3727.0654296875,"total_time/train":1.2886950969696045,"_wandb":{"runtime":2044},"_runtime":2044.694701626,"_step":5919,"loss":3727.0654296875}