{"_step":8839,"data_time/train":0.0020351409912109375,"total_loss/train":238.9235076904297,"total_time/train":27.97746753692627,"_wandb":{"runtime":81947},"loss":238.9235076904297,"_timestamp":1.7421912201652308e+09,"_runtime":65733.477711535}