{"total_time/train":0.9365561008453369,"_wandb":{"runtime":43198},"loss":579.618408203125,"_timestamp":1.7429330174187121e+09,"_runtime":41691.360839711,"_step":123759,"data_time/train":0.001956939697265625,"total_loss/train":579.618408203125}