{"data_time/train":0.00186920166015625,"total_loss/train":641.3235473632812,"total_time/train":27.963945627212524,"_wandb":{"runtime":78139},"_step":8839,"loss":641.3235473632812,"_timestamp":1.7420183111453626e+09,"_runtime":65675.75219508}