{"total_loss/train":624.6845703125,"total_time/train":0.9568896293640137,"_wandb":{"runtime":10715},"_runtime":9161.240330324,"_step":26519,"loss":624.6845703125,"_timestamp":1.7430906020323093e+09,"data_time/train":0.0021550655364990234}