{"_timestamp":1.7430971205934641e+09,"_runtime":1155.013740304,"_step":3419,"data_time/train":0.07987046241760254,"total_loss/train":3001.89013671875,"total_time/train":1.2939825057983398,"_wandb":{"runtime":1156},"loss":3001.89013671875}