{"data_time/train":0.0015652179718017578,"total_loss/train":4612.69140625,"total_time/train":1.9077043533325195,"_wandb":{"runtime":914},"loss":4612.69140625,"_timestamp":1.7428064704407153e+09,"_runtime":912.611443054,"_step":1767}