,image_num,clear_val,attacked_val
0,0.0,-1.228826642036438,-1.2490969896316528
1,1.0,-2.0149078369140625,-1.9978116750717163
2,2.0,-1.822170615196228,-1.8061786890029907
3,3.0,-1.441712498664856,-1.428298830986023
4,4.0,-2.1257214546203613,-2.128021001815796
