,image_num,clear_val,attacked_val
0,0.0,-1.228826642036438,-1.274190902709961
1,1.0,-2.0149078369140625,-2.0122745037078857
2,2.0,-1.822170615196228,-1.8098331689834595
3,3.0,-1.441712498664856,-1.436981201171875
4,4.0,-2.1257214546203613,-2.136543035507202
