,image_num,clear_val,attacked_val
0,0.0,-1.228826642036438,-1.2563705444335938
1,1.0,-2.0149078369140625,-2.002260446548462
2,2.0,-1.822170615196228,-1.8067007064819336
3,3.0,-1.441712498664856,-1.4309405088424683
4,4.0,-2.1257214546203613,-2.130934953689575
