,image_num,clear_val,attacked_val
0,0.0,-1.228826642036438,-1.26364266872406
1,1.0,-2.0149078369140625,-2.0070788860321045
2,2.0,-1.822170615196228,-1.8077527284622192
3,3.0,-1.441712498664856,-1.433894157409668
4,4.0,-2.1257214546203613,-2.133639097213745
