,image_num,clear_val,attacked_val
0,0.0,-1.228826642036438,-1.2427659034729004
1,1.0,-2.0149078369140625,-1.9936175346374512
2,2.0,-1.822170615196228,-1.8061357736587524
3,3.0,-1.441712498664856,-1.4257601499557495
4,4.0,-2.1257214546203613,-2.124892234802246
