{"_runtime":3030.662235133,"_step":8839,"data_time/train":0.001734018325805664,"total_loss/train":3702.692626953125,"total_time/train":0.9377892017364502,"_wandb":{"runtime":4577},"loss":3702.692626953125,"_timestamp":1.7428270048295498e+09}