{"data_time/train":0.12456679344177246,"total_loss/train":54.144779205322266,"total_time/train":28.301690816879272,"_wandb":{"runtime":43702},"loss":54.144779205322266,"_timestamp":1.7428050729364948e+09,"_runtime":43674.360247208,"_step":5855}